{"train/loss": 102203.9141, "_timestamp": 1747233206, "_runtime": 15, "_step": 76, "samearea/mean_dist": 18.981913500604332, "samearea/median_dist": 18.981913500604332, "samearea/mean_ori": 116.22048140483517, "samearea/median_ori": 116.22048140483517}